--
-- PostgreSQL database dump
--

-- Dumped from database version 14.2 (Debian 14.2-1.pgdg110+1)
-- Dumped by pg_dump version 14.2

-- Started on 2022-06-09 16:59:04

SET statement_timeout = 0;
SET lock_timeout = 0;
SET idle_in_transaction_session_timeout = 0;
SET client_encoding = 'UTF8';
SET standard_conforming_strings = on;
SELECT pg_catalog.set_config('search_path', '', false);
SET check_function_bodies = false;
SET xmloption = content;
SET client_min_messages = warning;
SET row_security = off;

DROP DATABASE attend;
--
-- TOC entry 3374 (class 1262 OID 32324)
-- Name: attend; Type: DATABASE; Schema: -; Owner: postgres
--

CREATE DATABASE attend WITH TEMPLATE = template0 ENCODING = 'UTF8' LOCALE = 'en_US.utf8';


ALTER DATABASE attend OWNER TO postgres;

\connect attend

SET statement_timeout = 0;
SET lock_timeout = 0;
SET idle_in_transaction_session_timeout = 0;
SET client_encoding = 'UTF8';
SET standard_conforming_strings = on;
SELECT pg_catalog.set_config('search_path', '', false);
SET check_function_bodies = false;
SET xmloption = content;
SET client_min_messages = warning;
SET row_security = off;

--
-- TOC entry 5 (class 2615 OID 32367)
-- Name: public; Type: SCHEMA; Schema: -; Owner: postgres
--

CREATE SCHEMA public;


ALTER SCHEMA public OWNER TO postgres;

--
-- TOC entry 829 (class 1247 OID 32369)
-- Name: usertypes; Type: TYPE; Schema: public; Owner: postgres
--

CREATE TYPE public.usertypes AS ENUM (
    'professor',
    'student'
);


ALTER TYPE public.usertypes OWNER TO postgres;

SET default_tablespace = '';

SET default_table_access_method = heap;

--
-- TOC entry 209 (class 1259 OID 32373)
-- Name: attendances; Type: TABLE; Schema: public; Owner: postgres
--

CREATE TABLE public.attendances (
    student_id uuid NOT NULL,
    lecture_id uuid NOT NULL,
    presence boolean
);


ALTER TABLE public.attendances OWNER TO postgres;

--
-- TOC entry 210 (class 1259 OID 32376)
-- Name: classes; Type: TABLE; Schema: public; Owner: postgres
--

CREATE TABLE public.classes (
    id uuid NOT NULL,
    code character varying,
    subject_id uuid,
    professor_id uuid,
    period_id uuid,
    "photoUrl" character varying
);


ALTER TABLE public.classes OWNER TO postgres;

--
-- TOC entry 211 (class 1259 OID 32381)
-- Name: courses; Type: TABLE; Schema: public; Owner: postgres
--

CREATE TABLE public.courses (
    id uuid NOT NULL,
    code character varying,
    name character varying
);


ALTER TABLE public.courses OWNER TO postgres;

--
-- TOC entry 212 (class 1259 OID 32386)
-- Name: lectures; Type: TABLE; Schema: public; Owner: postgres
--

CREATE TABLE public.lectures (
    id uuid NOT NULL,
    content character varying,
    date date,
    class_id uuid
);


ALTER TABLE public.lectures OWNER TO postgres;

--
-- TOC entry 213 (class 1259 OID 32391)
-- Name: periods; Type: TABLE; Schema: public; Owner: postgres
--

CREATE TABLE public.periods (
    id uuid NOT NULL,
    year integer,
    code character varying
);


ALTER TABLE public.periods OWNER TO postgres;

--
-- TOC entry 214 (class 1259 OID 32396)
-- Name: studentclass; Type: TABLE; Schema: public; Owner: postgres
--

CREATE TABLE public.studentclass (
    student_id uuid NOT NULL,
    class_id uuid NOT NULL
);


ALTER TABLE public.studentclass OWNER TO postgres;

--
-- TOC entry 215 (class 1259 OID 32399)
-- Name: subjects; Type: TABLE; Schema: public; Owner: postgres
--

CREATE TABLE public.subjects (
    id uuid NOT NULL,
    code character varying,
    name character varying,
    course_id uuid
);


ALTER TABLE public.subjects OWNER TO postgres;

--
-- TOC entry 216 (class 1259 OID 32404)
-- Name: users; Type: TABLE; Schema: public; Owner: postgres
--

CREATE TABLE public.users (
    id uuid NOT NULL,
    matricula integer,
    email character varying,
    password character varying,
    name character varying,
    "lastLogin" timestamp without time zone,
    "photoUrl" character varying,
    "isActive" boolean,
    role public.usertypes,
    "createdAt" timestamp without time zone,
    "updatedAt" timestamp without time zone
);


ALTER TABLE public.users OWNER TO postgres;

--
-- TOC entry 3361 (class 0 OID 32373)
-- Dependencies: 209
-- Data for Name: attendances; Type: TABLE DATA; Schema: public; Owner: postgres
--

INSERT INTO public.attendances VALUES ('1c6a8c46-6a00-48d3-814e-069ec7c6ff2d', '20b52342-2382-4a87-800c-2b09df369d03', false);
INSERT INTO public.attendances VALUES ('f153a169-1473-4a9a-90fe-069d20e6eed1', '20b52342-2382-4a87-800c-2b09df369d03', false);
INSERT INTO public.attendances VALUES ('f153a169-1473-4a9a-90fe-069d20e6eed1', 'fa4ffdad-ec8c-4087-b266-01911583ab2d', true);
INSERT INTO public.attendances VALUES ('1c6a8c46-6a00-48d3-814e-069ec7c6ff2d', 'fa4ffdad-ec8c-4087-b266-01911583ab2d', true);
INSERT INTO public.attendances VALUES ('8616db5e-6647-4511-a9ac-7c3150a2caad', 'fa4ffdad-ec8c-4087-b266-01911583ab2d', true);
INSERT INTO public.attendances VALUES ('1c6a8c46-6a00-48d3-814e-069ec7c6ff2d', 'b7533fab-9970-4bd1-b19e-5f48ae96fa02', true);
INSERT INTO public.attendances VALUES ('8616db5e-6647-4511-a9ac-7c3150a2caad', 'b7533fab-9970-4bd1-b19e-5f48ae96fa02', true);
INSERT INTO public.attendances VALUES ('f153a169-1473-4a9a-90fe-069d20e6eed1', 'b7533fab-9970-4bd1-b19e-5f48ae96fa02', true);
INSERT INTO public.attendances VALUES ('1c6a8c46-6a00-48d3-814e-069ec7c6ff2d', 'b04874e8-4e56-4f5a-987a-266182650417', true);
INSERT INTO public.attendances VALUES ('8616db5e-6647-4511-a9ac-7c3150a2caad', 'b04874e8-4e56-4f5a-987a-266182650417', true);
INSERT INTO public.attendances VALUES ('f153a169-1473-4a9a-90fe-069d20e6eed1', 'b04874e8-4e56-4f5a-987a-266182650417', true);
INSERT INTO public.attendances VALUES ('8616db5e-6647-4511-a9ac-7c3150a2caad', '20b52342-2382-4a87-800c-2b09df369d03', true);


--
-- TOC entry 3362 (class 0 OID 32376)
-- Dependencies: 210
-- Data for Name: classes; Type: TABLE DATA; Schema: public; Owner: postgres
--

INSERT INTO public.classes VALUES ('a3785ce7-0a1b-4327-9795-428818453f4e', 'ESW-ESW-2', 'cc358d02-a9b2-4f4e-82f0-28c2a9fdb903', '6f258b12-af03-490b-bc69-dd2d1ab5df49', '7614f030-5fef-4449-ab19-b41ee97c61f9', 'https://www.bgosoftware.com/blog/wp-content/uploads/2016/03/insidepost_coding.jpg');
INSERT INTO public.classes VALUES ('4e2f672a-9901-4cb2-b98e-d9bf50f57de0', 'ESW-ESW-1', '47e42c56-bbb5-47a1-9623-1e76560f81ed', '6f258b12-af03-490b-bc69-dd2d1ab5df49', '7614f030-5fef-4449-ab19-b41ee97c61f9', 'https://www.somosicev.com/wp-content/themes/iCEV-1.0/thumb.php?src=https://www.somosicev.com/wp-content/uploads/2020/02/shutterstock_1490302805-1-e1582805634356.jpg&w=460&h=320&zc=6&q=99');


--
-- TOC entry 3363 (class 0 OID 32381)
-- Dependencies: 211
-- Data for Name: courses; Type: TABLE DATA; Schema: public; Owner: postgres
--

INSERT INTO public.courses VALUES ('23eb5154-7f74-4885-a3f5-2876953a5218', 'ESW', 'Engenharia de Software');


--
-- TOC entry 3364 (class 0 OID 32386)
-- Dependencies: 212
-- Data for Name: lectures; Type: TABLE DATA; Schema: public; Owner: postgres
--

INSERT INTO public.lectures VALUES ('fa4ffdad-ec8c-4087-b266-01911583ab2d', 'Iniciando com Expo', '2022-06-06', '4e2f672a-9901-4cb2-b98e-d9bf50f57de0');
INSERT INTO public.lectures VALUES ('b7533fab-9970-4bd1-b19e-5f48ae96fa02', 'Expo Auth', '2022-06-20', '4e2f672a-9901-4cb2-b98e-d9bf50f57de0');
INSERT INTO public.lectures VALUES ('20b52342-2382-4a87-800c-2b09df369d03', 'React Native', '2022-06-27', '4e2f672a-9901-4cb2-b98e-d9bf50f57de0');
INSERT INTO public.lectures VALUES ('c5423567-2344-4097-a041-21eac61108c5', 'Expo Camera', '2022-06-09', 'a3785ce7-0a1b-4327-9795-428818453f4e');
INSERT INTO public.lectures VALUES ('b04874e8-4e56-4f5a-987a-266182650417', 'Expo Camera', '2022-06-09', '4e2f672a-9901-4cb2-b98e-d9bf50f57de0');


--
-- TOC entry 3365 (class 0 OID 32391)
-- Dependencies: 213
-- Data for Name: periods; Type: TABLE DATA; Schema: public; Owner: postgres
--

INSERT INTO public.periods VALUES ('7614f030-5fef-4449-ab19-b41ee97c61f9', 2022, '1');
INSERT INTO public.periods VALUES ('2e529cfd-10e4-4372-a52e-e085bc2fb046', 2022, '2');


--
-- TOC entry 3366 (class 0 OID 32396)
-- Dependencies: 214
-- Data for Name: studentclass; Type: TABLE DATA; Schema: public; Owner: postgres
--

INSERT INTO public.studentclass VALUES ('1c6a8c46-6a00-48d3-814e-069ec7c6ff2d', '4e2f672a-9901-4cb2-b98e-d9bf50f57de0');
INSERT INTO public.studentclass VALUES ('8616db5e-6647-4511-a9ac-7c3150a2caad', '4e2f672a-9901-4cb2-b98e-d9bf50f57de0');
INSERT INTO public.studentclass VALUES ('f153a169-1473-4a9a-90fe-069d20e6eed1', '4e2f672a-9901-4cb2-b98e-d9bf50f57de0');


--
-- TOC entry 3367 (class 0 OID 32399)
-- Dependencies: 215
-- Data for Name: subjects; Type: TABLE DATA; Schema: public; Owner: postgres
--

INSERT INTO public.subjects VALUES ('cc358d02-a9b2-4f4e-82f0-28c2a9fdb903', 'ESW-1', 'Aplicativos Híbridos', '23eb5154-7f74-4885-a3f5-2876953a5218');
INSERT INTO public.subjects VALUES ('47e42c56-bbb5-47a1-9623-1e76560f81ed', 'ESW-2', 'Padrões de Projeto', '23eb5154-7f74-4885-a3f5-2876953a5218');


--
-- TOC entry 3368 (class 0 OID 32404)
-- Dependencies: 216
-- Data for Name: users; Type: TABLE DATA; Schema: public; Owner: postgres
--

INSERT INTO public.users VALUES ('8616db5e-6647-4511-a9ac-7c3150a2caad', 201910805, 'leallucasfonseca@gmail.com', '$2b$12$.JN4EGQ.4LfEOsLJ77Q/7.QoEjrd/a//XHcMr1qY3y4LtYf07jQV6', 'Lucas Leal', NULL, 'https://evorastudio.com.br/wp-content/uploads/2021/04/retrato-corporativo-foto-perfil-profissional-foto-linkedin-24-scaled.jpg', true, 'student', NULL, NULL);
INSERT INTO public.users VALUES ('c4a3f7b5-29fb-4ee3-a969-33dcfbb54443', 123456789, 'lucas.leal@gsmartnx.io', '$2b$12$nXAAfK/ZB0aB6uVjJ5absOHMEQuam10lextGdcyL6ua57U5sac7jO', 'Lucas Smart', NULL, 'https://evorastudio.com.br/wp-content/uploads/2021/04/retrato-corporativo-foto-perfil-profissional-foto-linkedin-24-scaled.jpg', true, 'professor', '2022-06-07 07:05:45.251494', '2022-06-07 07:05:45.251494');
INSERT INTO public.users VALUES ('1c6a8c46-6a00-48d3-814e-069ec7c6ff2d', 1234, 'Igor@gmail.com', '$2b$12$.JN4EGQ.4LfEOsLJ77Q/7.QoEjrd/a//XHcMr1qY3y4LtYf07jQV6', 'Igor Brown', '2022-06-09 16:11:34.052307', 'data:image/jpeg;base64,/9j/2wCEAAgGBgcGBQgHBwcJCQgKDBQNDAsLDBkSEw8UHRofHh0aHBwgJC4nICIsIxwcKDcpLDAxNDQ0Hyc5PTgyPC4zNDIBCQkJDAsMGA0NGDIhHCEyMjIyMjIyMjIyMjIyMjIyMjIyMjIyMjIyMjIyMjIyMjIyMjIyMjIyMjIyMjIyMjIyMv/AABEIAKAAoAMBIgACEQEDEQH/xAGiAAABBQEBAQEBAQAAAAAAAAAAAQIDBAUGBwgJCgsQAAIBAwMCBAMFBQQEAAABfQECAwAEEQUSITFBBhNRYQcicRQygZGhCCNCscEVUtHwJDNicoIJChYXGBkaJSYnKCkqNDU2Nzg5OkNERUZHSElKU1RVVldYWVpjZGVmZ2hpanN0dXZ3eHl6g4SFhoeIiYqSk5SVlpeYmZqio6Slpqeoqaqys7S1tre4ubrCw8TFxsfIycrS09TV1tfY2drh4uPk5ebn6Onq8fLz9PX29/j5+gEAAwEBAQEBAQEBAQAAAAAAAAECAwQFBgcICQoLEQACAQIEBAMEBwUEBAABAncAAQIDEQQFITEGEkFRB2FxEyIygQgUQpGhscEJIzNS8BVictEKFiQ04SXxFxgZGiYnKCkqNTY3ODk6Q0RFRkdISUpTVFVWV1hZWmNkZWZnaGlqc3R1dnd4eXqCg4SFhoeIiYqSk5SVlpeYmZqio6Slpqeoqaqys7S1tre4ubrCw8TFxsfIycrS09TV1tfY2dri4+Tl5ufo6ery8/T19vf4+fr/2gAMAwEAAhEDEQA/APDh1p3XpSY5JqSGF55Vjj5Zj+VMVhlOBPerMlm8ErRzZVlOOBnPvQ1si4Ds6kjOCoHFILFagD1qwIof77fpT1htyw+Zm59aAsWTaQmFAjEsy7mYjp7VJBst1CqBkdWPeoXlC/KgLN0Aq3FpN9LGHIK5GeRSbLUW9iwl8yDI61o2uoyuqh5SMH5Mt0rMTRboNVqLRblmH3iPTFS5Iapy7HQp4ge4tkt7stIinGW557GkhLlmewnMUqfN6g47Z9ap2+jXm05jLDHJIp32NrdtxLxkdgeCKFJA4SW6NPSvEt5a6ptvVWXdjhl6+hzXV6zpGl+L9HL3MJivFTMcygKxI/hJxyM+tcTPC0yKZZfNTbgFG2sjds+1dX4YZ5dKjicFmRmZSuTx/jVXIseO3tnPY3sttMjK8bbSMVEEdsfI35V6N480qU6pDcQKoEqfMDwwI9a5QaZcnqyj8adwsY4jc5wjflSiCQ9EP41tDSpMcyLTxpRHWUfgKOZBYxkt36kfhmniBj1wPxraGlp3kbp2qQabAOm8/wDAqOZC5TnYNBmmtmlMUrBfvFRwo96fp+mXHnkRozMeFVRkmvXI7O2gi8qOFVj5+UDg59aZDZW0Eplht0jc8blGDUXZZ545DSKl5b7ZojggrzVPWNNuZWWeS28pWXCH+8BXp8tlazSiSS3jaQHO4rzTbi3guUCTRLIB0BHSi4HkaaTK0JfY7DPJUfKv402O0aBWZhk9AD0r1oWdtHbGBIVWNhytcxq+nWw1Kys4IVTzWLPznIFPmDluxvhTw4twwvblOOqKw6+9dwNMttuNnFR2MaRoqIMYAFaW36VySk27no06cYxsURpdsrcIKswWcajhFGOnFS7Tip4kHc1NzVJFiysUlYJhcHjkVoT/AA/h1GMkyqGxkHFRaeFEyjNdrpzkJtPfpV09XqYV21HQ8J8QeG9Q8P6ubMBXjkTKkdDTtIke01PYhZFb5vLU8Fv/ANYr1PxXZpeTiSSMkJ8qmuJvNMQSpI0YVY2+Vl4IOa6UcT7swfiBeut1p6gZZoGZlH8PPHNcWdQk5AQnFeg66Irq9ZWTcAiqc9ax4NOtrcsY4+WGDuOeKCTlxqD/APPM/nTv7QcnBjxXRrp1rHLvSIbvc5FRtpto83mGIBuuAcA/hTsK5zx1B842EH2pftrj+Fq6CfT7adgzRgMOMrxRLYwSwqhQAL0I60WEdJ9mU/xzD/gZo+yp/wA9Zv8Avs1NntSEcVJRXNsoPE0//fVMNvjGJpvf5/8A61Wt2RTDQBXNuM/6+b8x/hWVPbKfEMD7mbZAxy3POa2+vFZGqB0UvHlZGUqCOwJqZbFw+IujWbS1JWSdVboeat22u2Vy2IrhXPoDzXBzwWa7lkSSeRV3PtbhR6mjS1geYNArAqfU81k4K1zrjUd7M9HlvVSPeThfWsG58YwWs3llGb0Iq7doy2KeZyCAT7GuXubMPMI1j3Mfm2qMk1MEm9S6kpLY6bSvHMSXKM8X7vdyQcmvYLK7t9Rs4byxmV1wCQpr5utrhZNwWBkVPvHHA+td/wCDtZksfkiBVWHzL2NaNJbGD5pHrl7Ak9qzkDI5zXHX9oTycEdeO9dnp0ou7BWPO4cg1z+pwyKwihQFnYquTgCri9DFx1aPLL2N5L6ZhNtBY4XaOBUBhfvMf++RWnq+mXelXxt7xVEjDepVtysCeoNZ5NaIyZCYn3ZMv/jtMMbFs+Yf++amLZFNPFAiIxvz+8H/AHzSbJB/y0X/AL4p+eT6UA/hQB0TmJnZrd98JOFOeQf7p9xSVz2g3Ei3X2d2LJMMKx6bh0/wrofY9R1qEyxrdabSn3pCcUxDD19Kq3EYkYoeeKtMKjiwbo57VM9jSkrySOfGkvFNKYV5kG189xV7SNHCTxxhFXnJCjpW+YU++QM1DaX9vBdPlhu9M9BWHM3odyhFO5q3emie1IBAI7VzFxpsiuOqtnAIrqoNb0+8mNpHdwrcr1QuMmqzOGmZCASrFT35FTqi3FMyNM0JUfe+1mJzt29a6jTfD7s/nJDtA64FMtlCMCmBXW6PcsT5TDqMg073M5JRV0a2lR+VbKnPTvWH4jxLfJZrcIkhQsqZwQD3/Ot+CQCfb3NcnrVmbzxatxboxWMLHPJ0AI5xn6Vq17pjS/i3Zx2uhhaaYHJLqjqcnPG7/wDXWIa0NZuBc6tO8bZiRiif7o/+vWea0gmoq5hXkpVG11GHrTCacwpmMdasyGk0hpTTcmgRH4Lvof7bitbvmCdgoYdVbPBFdjqNubPUriAjhWyD6ivJ7eR7e9V1YgrtZT/hXsGry/a0srvgtLCu4+pxUItmUSO9NNONNpiEJFMhYfaWJ6YpxGc4qpK+y4UZxkVM1eJrRdpI05XJRlHUjiuOls1i1B5Cf3hHLAnOPStu7vDDHvL7VI5bqfwrMju5ncvb2ReP+JnGC3vWMUdrlfQbZaHG90LiJYo5/veYQc11NsjwIoL7j1LEdTWEmp36qy3GneZFjAZAAy/41csL0SvsPmqD2kUqRRJBGTWh1Fq+WBPpXW6LIr9OuMZrho3ZCMfSur8OPlsk1C3FN6G9EG/tYAHgCqer3lrN4f1S9tWBeMHIzjDKdua0LUiW/LDnAxXCePQLLVja2p8qGeMSzRocBmyeTXRBNnHN2fmcb/D700innAPFNPWtDEjI60hGaceaQgDP0pgQtTB1p7d6Z3NAHKRDeqqPvJkjPceleo6TL9u8LWLH78aNE3fBU8fpXlafK4IOR616F4SvWGhyIWXckwKjHYjn+VZosvEEUwtUhByfSoyPSrRIzJ3VQ1Dcqq4GCrcmtAg44qOWESoyMNwYcj1pNXQ1KzTKKyJMoyF49ajliuQcwlVHqBVSRJtNuB5qloWPyv2/H0rTh1W3RATjFc7TTO2Eotbi2KXancxVvfFXpJizDKfN64qOPWrYICQCPaqt3qkLrvTC4pWbLcopGktyqgAkgiun0O6SK2eUthcZFeXvqju5IOBWnB4j8uKO3L4QEF8ck1Uacm7IxlNHsvh+Qygyk8seB7VxPxHITxVbp8xea3UoqqTnDEGqNl44u1Ux2YigDDAlflgPQDoKnjuLi8lMtzcPOzD7zNk/T6V6eGwUpK8tEcNesk9DMttBvbgE/uo+CcM3P6VlHnNegWabUJJBH61xEtu4lfA43H+dXisPGklYzpVHN6lU01qsG3f+7TXgcDlTXEalNqjPFXDaO2CBimGzegDiokV5kB+6SM/Suq0R30+6iEmRbXWQhPTdXJWyOXRBktwtdtNGr6AyBgvkTRNGR1B5B/mKybszVam/z3phpkcyeSm913FRncQDmka5gB/10Q+ritE7kD8CpQPpVX7XbDrcxf8AfYofUbGOIu13CFVSxw4JwB2oEM1e8stP0yae/K/Z9u0qernso9684iv2u4zNEhjjZjtjJyVHpmqHiPX5dfvvNJZbdMiCP0H94+5puiS5SWEnp8wocdLlRk72NI3kiHliKryasyZG5mPpUeoTrAoGMs3TnpWUkp89XcZXPIxTjC+pUptaGtHeXMuWLFUPYdanFw6L97FZz3qLkKM1XeR5T94gV1RSjsYNt7mk+pP90SMT2qbTNQ1CC7320swbr8rHA/DpWbEqZwSAfXrWhBIikBvNbjkAbQa1jKV7kSStY9V0jxlZpZQf2jKv24AhlDbVPuSKmeNmUyqMxt8wIOcA1wNjdOq7YNOtAP7zqzEfjmur0zUpbsA3F3YRkHaqKrKT7ZzXZKmq0UpGKk6b0LuAT70pAq79jXbgps4yHB3A/X2qvLA8Jw68dmHQ15tbCzpa2ujeNSMtiHH4VGyjdUpGKiPQ1zGh53ZKFkLnJPQZ9fWuktLeW4sZnbPlRHcfc4yP5VD/AGFLBcohH7pVyGxnIzya2J9ltoN0kQK5UKM9Sf8AOax3ZstEcBdyy3F5LKY5Rubvmq5hmLcRsc1slWjc5VmYHBx3FRb1DMx+UKQOe1axXQzZlGCRh80XP1FSDTbloDIYlWMHG5nA/TrVtrtEfZHggnJbHOPYVTnuTJI8hPHYDtXRGit5Gbk+hn6hYGwcAssgZO38B9PrTdGcpqQB4DKVplzcNINp6HtSWcqW9xHNJ91Tk460pxVmkOL1uy5ralbxQRgbBis3JZ1DNntyamv9Qe/ujJs2KBtVR2FQop4PfrSitLDk7u5py6NfQaVFqjWrLZTPsSYkEM3069jVVFzz29T3qVry5mtoraS5mNvESyQliVUnqQKEKgcIW9zWsU+pLLFu6DCiFWP0rSt/OZgRb4A9RgVnxzzquEIQf7IxUnmSH78jN+Nax0Ib1OntNQS3wsscZHoBXS6fqNjMoVYo1HYbRivN45MHrWhb3jIRtbFdVOrYzlG56zbXMYAAIAPbrV0Ijr8iqyt96Nuh+leb2euT24XGM9t+dre2R0+tdxpl409sk7IyAjLLuDbfoR1FdanGSsYOLTuJe6YUTz7bLRfxL3WswoT0rqUV0bzkZSjDLAHNUNQsRHieJcIw+ZRzg+o9q83FYT7cDopVb6Mk0nRovENvKtrPGyxsCRuBJPqfQVheI9CNg72TOQ6ruZVb5R3DA+n1+lc7pesapo0V1PpVybeZcKzBVbcue4PvVG78Uaxdu0t7fySSMNrAgcg9R9PauOjTUldHXKVnYqPKkG95D8qjPsa517157hn+6pPA9K2LuRb2EIDtA5YLwf8A9VZklmjDbC4DY4VujfQ1caTWpnJ30KpkwzGq7uSuO1OZirFSCrA4IPao2+7VNisRuoZTnrWnaeEtUvfDVxr0YjWxtyQxZvmbGM47d6zjzThPceQbRbiUW7NueEOQjH1K9M1nJN7AiFEBGQOKmRPWnhRt6Yp4FWkIVVC1KHwOBTAeKBVJBck3MaTcabmkJxTuGhKH44qaO6dOHRWXvkVTDqeuRSqwPAP/ANampWCxsRahCqMkaSksuOGwB9a0dKfYyrLNKyZ+4JGVcfQGucjbbV6CcowINb06lnczlHQ9U0hLOa38vy1XjAZCQf8A9dWjcXukabI0i/aFt+XXBYPFn7wHYgdcVxOj6s0Trya73T9QS4hV+CffnPtXfFqSOeSszhZbYQ2GsTEFSsqxL7sTXLSHIDLjOMs3v7V1/iGQQabaWwO3z7h7iRvc/dH61yMkaGYgSKMcACvGwTXLdnfV3sM3FVVycsGyR6iq0/ySHbnB+ZSanJQpsZwSOMjrUU6kRgnBxxuHQ12y7oxKt/8AvEjnA+b7rn19DVAtVu5c/Z2X6MKoq2a45q0rFp3HjAXn0p8agJnueTTQNzAfialBA6UgHCnAcUwfe/lVq5RIIoEVv3jLufB5JNLmSdioxbTfYgoLUyjNO5I4HmgmmbuaCwFFwsKWxyKcpPU9ah3c8VIGGOtFwJlcg+1WEcnvVMNUqNjHNUmBrWc+xxmu00bUsBUJ69Oa89jfGD75rd0y7Kso3dDkV10qlnYxlG6P/9k=', true, 'student', NULL, '2022-06-09 15:06:49.246027');
INSERT INTO public.users VALUES ('f153a169-1473-4a9a-90fe-069d20e6eed1', 201910804, 'email@email.com', '$2b$12$.JN4EGQ.4LfEOsLJ77Q/7.QoEjrd/a//XHcMr1qY3y4LtYf07jQV6', 'Guilherme Delgado', NULL, 'https://evorastudio.com.br/wp-content/uploads/2021/04/retrato-corporativo-foto-perfil-profissional-foto-linkedin-24-scaled.jpg', true, 'student', NULL, '2022-06-09 11:47:02.261473');
INSERT INTO public.users VALUES ('6f258b12-af03-490b-bc69-dd2d1ab5df49', 123, 'email@gmail.com', '$2b$12$.JN4EGQ.4LfEOsLJ77Q/7.QoEjrd/a//XHcMr1qY3y4LtYf07jQV6', 'Tassio Sirqueira', '2022-06-09 19:51:10.858034', 'data:image/jpeg;base64,/9j/4AAQSkZJRgABAQAASABIAAD/4QBYRXhpZgAATU0AKgAAAAgAAgESAAMAAAABAAEAAIdpAAQAAAABAAAAJgAAAAAAA6ABAAMAAAABAAEAAKACAAQAAAABAAABzKADAAQAAAABAAABzAAAAAD/wAARCAHMAcwDASIAAhEBAxEB/8QAHwAAAQUBAQEBAQEAAAAAAAAAAAECAwQFBgcICQoL/8QAtRAAAgEDAwIEAwUFBAQAAAF9AQIDAAQRBRIhMUEGE1FhByJxFDKBkaEII0KxwRVS0fAkM2JyggkKFhcYGRolJicoKSo0NTY3ODk6Q0RFRkdISUpTVFVWV1hZWmNkZWZnaGlqc3R1dnd4eXqDhIWGh4iJipKTlJWWl5iZmqKjpKWmp6ipqrKztLW2t7i5usLDxMXGx8jJytLT1NXW19jZ2uHi4+Tl5ufo6erx8vP09fb3+Pn6/8QAHwEAAwEBAQEBAQEBAQAAAAAAAAECAwQFBgcICQoL/8QAtREAAgECBAQDBAcFBAQAAQJ3AAECAxEEBSExBhJBUQdhcRMiMoEIFEKRobHBCSMzUvAVYnLRChYkNOEl8RcYGRomJygpKjU2Nzg5OkNERUZHSElKU1RVVldYWVpjZGVmZ2hpanN0dXZ3eHl6goOEhYaHiImKkpOUlZaXmJmaoqOkpaanqKmqsrO0tba3uLm6wsPExcbHyMnK0tPU1dbX2Nna4uPk5ebn6Onq8vP09fb3+Pn6/9sAQwAXFxcXFxcnFxcnNycnJzdKNzc3N0pdSkpKSkpdcV1dXV1dXXFxcXFxcXFxh4eHh4eHnp6enp6xsbGxsbGxsbGx/9sAQwEbHR0tKi1NKipNuX5nfrm5ubm5ubm5ubm5ubm5ubm5ubm5ubm5ubm5ubm5ubm5ubm5ubm5ubm5ubm5ubm5ubm5/90ABAAd/9oADAMBAAIRAxEAPwC/RRRVCFooooAKWkooAWikpaQwooooAWikpaACiiigBaKSigBaKKKACiiigBaKSigBaKSigB1JRRQAtFJRQAtFJS0AFFFFABRRRQAUUUUAFFFFABRRRQAtFJRQAUtFFABRRSUALRRSUALRRRQAUUUUAFFFFABRRRQAUUUUAf/Qv0UlFUIWiikyKAHUUlFIBaKTNLQAtFJRmgYtFFRPKqHBoAmoqJJVc4FSZz0ouAtFMZwo+akWVW6Gi4ElFJkCgEHpQA6ikooAWiijOKACikBBGaWgApaSnoMtg0AKFGwsaZUmScgHAFQ+YZCc9RUpjsOpaSiqELRSgZIHrTnTY+zNK4xlFMDZJHpVjyWwGHei4NEVFOZSpwaTBIzRcLCUuCOcVGpO7FSszcj0pXHYbS0wOpoE0Y7Zp3FYfTGJHanBjI4GMZ9KfJEFPLGpciuUgRyTginlgvWmlWUAxtyTTGExP+NHMHKOEgzipaqB2LbcDNSLOI22zfL6U7isT0U0SK/K80bvajmHyjqKTNIc0XE42HU0sq/eIFAOBVVoS7Zc5HpTuFi5kdaKg27U2rxUitlc0XFYfSUZFLTEJRS0mRQB/9GX7SmOnNQb8tv71AaXOKoRJ5sjdTSB2U5zUWcUoBbpQBM08hIIOKVZnBJzUSq54UZJNKVZSVYYNIY4SNkkE804SyLzmmKMcmkJouA9ppCMZpyzMM1AeeKXGaALIuGBHemk7iTUGDTxkCkwHBtpq+sybf51mHk1KCdu0Umh3J5Hyx9KhzTnBDEGmbWIyBkUIY0sScmljchuKXyX272FLGqhxnjBzTuKxoJ5sn3EJA6/5NTLFNg71x6dKZJeSNKBAoIHrUDNcM/zMBk9qm47FlFLlh029TUa2crjKyA1B5LABmPBqiLxvMZbJXfH3iOlFwsaTWskfWRR9TUi2jlSzyDHsa56S8YH5gQSed3WpBqCr+8VtzHoOw9M09RGykHmPhJQBjJx6ZxUwg2HfGw57gmuZkup/P8AMZwxI7HNObUZSw2j5ugP+eKNRqx0DmWNGZsbcdc9KorJ8u5XyCR0/wA8msmSb5DudixzkNVaGYxsCTgD9KEDsdGZ7lPv7EHvlj+PQVLDP5gO5lbHda5RpWkOW59BT0l2fMCc0xXO0RGYhwuR+FPMTk5CY/EVhQ3wkOcsPwrQ3seUJKnvUMtMvGF+yn9KawcHkEAepFVPNlXOC3HqDViGUy7lc5/ClYdxhli/vD86chWRtqHJrSWKMAAKPyqMiKJt+AKdg5yIw4GQearyKQ2ewFWPNErbFGagmiVQS3FIRT3o3CHmpFAxQAuBj+VSmNRxuoKuiMAdaeMZGRmlwv8Af/SnxAK+D83PFBLAeV3U/rQTDgnB/WpleL+VG+PB60xXK5jhkwobDHpn1qsHKylGGcHBq3cFNgIyGyKjWJpDv4GTR0ASUANxxxUYFXDauw+8KZGY1+WRc4pD3K43A9eKkJJHFWWNuflANRBIVYhcjuadwsQllUfMaUspHBp4t953Icimtbn2FFxqw05x1pipgcHrTsEt6ZoKfMMkZpAN208ONtSxxKh3kjHehNiybOqH86aYrFdHlkzhaiZTnk1oysYm/d4G0ZpvkmYeZwN3NO4j/9KLYF69aTYp5JIqbHPzU3gUrjsR7UqUxAnIbFICPSpmXJAA7Umx2Ei3owdeopspdjucVKgCHc+Rilk244PIouFisdzDpircUNuIA8p+f0qtupMk9qAsPZID0BoSJpDhBmmANkZFbdvJBGv3scc0DMvyoll2StjjJqFmjIIQH2qwWiS4knLbt/QUFxM2QvFAhrRR2zIJwTv9MVdaOAMqpnANNuEiuGRpSeBT0tbfcGjY/Lz1pNlWa3B18tjkcVCZJm2hQAuKuyTovEg+aoJJ4zhUUc9zSKRW3sGO8/l0qtJJubgU+aaGKMl+RVB7s7C8GMj8cZpoJGnbLz8xxVe5u4IshWLk+nPNZLzvKclmwTyMmmOIlTKHknp6U7EXHykbF3SFyfQ8dKrpK0YKqcA01jioic1RLY92ZjljknqajpBmnAetAg60maKOKAAmmk0GkoAcDjpQTzSDFLjNAEscrxnMZwamW4beGdzwc/jVUDFIaBmp9sLgrvcZPQZx/jViG+ETDYzOufmJ9PbPNYmQKkSQqcqcEUrBc70zKyiRZeD0+Wm/a1Gcc/hiuZttVuYgFf8AeIvUHHT2NdLBdxXKedEQRjn1HtSY0yysqScpzUUyPInlqec9TUkbE4wMDFKzxYyWXP1FSMpyLNEg3OAo9BTtxdQ5+cew5pLmaNkwrAkHsamtJN6jefmoC5CQMf6vp7U1BE7gEYFaprM3Anbux9adrAncQR24PPtR5MO0lc/nTSgAyGzUuwjqKVx2HPG5wSOFIP5UwyQKSzLtGacDgYINDRxNGd4yPSi4WATxlT5TDBqm1wYTtA3AmhY7dl2j5feg7R8v3sd6GCRdhYT8HjvQ6Mu5EPIGcVmwym2lMijIYYxV2G+EjkMuD2ot2E2UoZJIvnfcozg8U4zREHaxz9KusZWByKijtEdNx280XuAyNhIqnPIpzqV5PSlXMPKKDjqPWoxcNNPnadnTFAA0QmIUnFM+xn++eKsFZB0BoimDcMMc0XGQl7ksVOCMYzjn8anE5RQmOgxU8kYDZTv1pht88k0XKVj/07wiMpCjjjNVvIX1NXoYpYHG7nNSi03KXZiTzwKi5pfuZqwJn5mJqyp2MGTgjvVprVETeWP0qJY43B52kUBdDJGMqYY9agdgZCQMgjH41oraZA+ft6VRlTYHyc4zSQPyJLdVaQAimzDEjADjNZaS7cbuB6mtWBw68dRTasFxpjwuSOKjMSbScZJrQVfMjJyAfSqaeYy7mGKQ0yCS0mVBJ2NTshWP5QMcDg81oTkPCBuwDVbYxiLADg9e9F7kkCBmOOwqQQhjtA5NMRipLAVYt5t8oHFBVyGe2ODK/JGB/SqksD26eYSHjXnHbn0xWnqfyWcjjPbP51hG+WSJycBtoyD0A7AepptEqRRvboTYjAAUVSXGARUROcdqlU1SJbuGOwNMyR1oLc5phJNMQrMSabmn4wOajxQAoNGe1NxThzwaACkPFKABTiRQAyjFOHNFADcUo60GkoAfnHFMIp2KDQA2lFHXpSCgB+anhl8qQSKfqKrUvBoA6L7TBcpmVWBA4Kk4/SqVuyszR43leQfas1M525x9asW7P5wZX2cYzjNKw7msuCc7DxWpbcPG+CMcHj1qhbzOxEU7AEj5Xxw3qMdjWgkhjAVjkE4yPXtmpLsjZzxkVBHLHJnb2rPeZYrYMrnd6ZqtHvLq3PHIxTbJSNiRAsL9+DzWbbLIr5V2JP8AeOauTPIymPpkVCqBaLjUS6S/dc1Vup2ijwU+9x1phaTPUmoXSRuH/WosVYbazlY23qMDp608zwoxJQ5x26VXRCDn9KcUz9aZJAZvMyHGOOMVLbxEsH9Ka0ZcZU4Oatxq6nIpgkTAFXdz0IquuGwTVsM78dM1A0QHGelSUl3HDGKSNvmqeK3DJkHmowPLf5ugosHoPBbc2T1qBoijYxmrbFSuaAYjyTQBCrNzuphZ/WiVk3fKciot5oZaVz//1NICdicA5HWnYuh/exVjzgFlYfh78UMqtCHdjnA4BrOxrzd0NtnLbg5ye2aeyqFJOBwaqxxxyD5WIYHB/GkKRBN5lOPTHNOwm09Ris56E0yQow2sSM03zdjZXn60jS7uoFHKU5iW8CGVQPmC569KmkciVt3HtUlod27b1ApqwST43YGQeaCB7sYCNn8agmqzO7VdltHlZcNjYoFM+wyjuKRSkitG0gQqzdSKlm2/KIzxjmpPsU3qKa1tIgy2KA0ZGGVBz0NT2jwrFE3Q4wajSKNwQ5xVHVG+zx7EP+sbJx9P60IGP1a8SS2eKF85IyK5dmzxUkkmU2+lV1J5rQzYueadnApuCakCk8UCI6UcVN5BAp6wk9aVyuUqnNGKvmADrSLD3xRcfKVAhNBjIrSWLHWnmIUrj5TJKGmEGtUwCoGhouLlKIJHFGatm3PamGEincXKQ9abUpjYU0oaLisyPNGaeUNNxincLBmlAptKDQIUj0pelMzTwaAAU5Tg9cUDB4ppBoA0CY8xGM7WDEnH6VrGeWVRHINsrAYxgBhnORXNBip47jFaDXMkoV2+ZogNvbGPX60mikzdChm2nr6VY4T5cdKgsnhnTOWRl5P/ANY1be1jmO/JJ9c1Fi1Ibu6e1PByM+tQi3YZyCMds5pfJIFBTdxZ9uwbjtHrnFVlKfcWTJ7EnNXtxeLYRkLVcRPKCFVRj6UEskKeWdrEE4piEsgLDBz0p0jwowyMEgVDtD8K5FDBItJBtJz35q0kYAzVJG8ngsX9zStKzcZ4pXHytlvKeaEHXrTI9qAiQ85NVdwzu70u8d6Vx8hfgBEbc5yTioipzzUKXBRdqil85ielU5E8jKVxKYZQucAiiGVZZVQck1Z2gyeYwzxinZUNvCgH2pXRXKy46QjBwBUZe1BwQPyqs3zdTTNgo5g5PM//1Z1lJGatfaI2C7Rgr3/nVAb84x1qNFYOQMgAGosa37mrJMoBWNePWq6vsBGM560+EFrY7uzYpvkrjJakK5CFGd2O+aVwHcse9TeSmc7zigxRjnd3phcbAwhLEdxzTZZ22LHGcEcfnUjwoIpGUnKgkVQzKsEbqeXYg/hQkDZfSV1XBY59alF1KP4qolHaeZGPyx9Pzq4IY9oByTiiw+YnF4VXMvTpxQslrLlgzfjUKKm0DHBFNYLglVOfakJliRI4+j4PauZ1KSRmWNmyqdOK6K6ZPIBBGAOTXK3s/nzZ6KABj8KaE2Uic04LgZ7CmjAYU5mzxVkCAmrkS56VTX5jitKFCoxSZcUThR2FShOKVVqQDHFSWQ+XzzTtgFS4ooGR7aQipcU0igCIimlRU2KYaAIttIUFS4pKAK5jzUZjAq2aYRQIqmOo3hzyKuEUhFAWMxoyKjYEVpsgPUVXeP0p3JcSjSjipTGR2ppUiquQ0IDS5+am4pOlAh5waaCQc0E0lAGzYXDpKjdPl2/UH1rcWQO7KuMqcGuUgcqyk9jXQWW1WMczAFgWJH6VMjSLL5SNjls/nTxGrcg1ILZT9xwayllmW43qMjoR7VKuU2uhbeWWElFTcp61W2CHDL/FV+ISzAknaD2okiVCA3emIdCqG1EsnJ55H1qoZEJ4NWQvy+WhwDVURKriEkEiluCdg3A96cME4LAfWmiONpPLz8w5oWMHIHOKViucvi0YjIYUv2N/7wq5CuyNVPpUtXyoz52Zwsmzy3HtTjZkDhzV7POKWnYTkzONpJnh+PpTfstwB1WtOmnPaiwczM4wTg44Pvmm+Xcf3P1rU70Ypco+dn//1rc6G2mGTlD0qsSTnBrUulSVkz0XPFU7hFj/AHg6VBtFjIppI49hBbnNTCUbW4qp5gI3c4FJ5i+hoBpF4SDcvy/hTg5x93+Kq0d0PMBbgAdanguFlfYp5B4+lBDJNzNE6bSNwIzVMRgQopP3WPP1NaBOYmyevSslwsdqkLN86Pk49M0ITLhO1pWwcsMn6dam8xpMtjAK5/CqInjaaWQ5w67QKsmWNYflPJAAFAEgkcjbjqB+VMaaWMh8DipgU2nB7DFZd1KQhUD5h79qQzOvJ9+4K2d2PyrKJ7U5yWPNNArRIkX3NLtJ5NO4PPpUqgHrQwQ6GMbsmtONT1NVo071dSoNESAUtFFAwooozQMKDSZozQAw0w1IaYaAEptOpDQA0000402gQlITSmmmgBDTCM0+kxQIhKVEyVaxTSKYrFArUeKtOtVzVENDSKQjFLmlJyKBD4m2MG7itWCX94JWGec1jrzW7p0UcnMhIxUyKiaNyzyAeWrA9+1SQoYY2TIO78xTpJDI4SKX5vSqi3AU5PJz3qE7lstEuilgegrOe5L8k5q6zs659aznhRTna34UXJY/zm6g4q5azwknzj83asdhjOA3tkU6HeJVZgcCmkSdGsMYPmbvm9KEijhUsX3E1n2abJXlkP3gahSCWKJ5A3PB9aCjphLGFyWHT1pDPGoLFhgelcw87oxQEH3qv5z7qq5LOzDqxwCDT652wuAZThcEDmtoTcdKL9wsWKSohMvejzUp3CxLjvRVGe/ihO0cms8atJ/dFFxH/9fcuM7QWrPus+TjPemBpWw00hOO1ShDdAxIcY5yag0RRCHyW57imCPOMnrVsWF0EKoVIJz1qnMjwv5cnXGaoRaWyd0DDkGkWBoycDBFVY5pE5QkVIbiRjlhmkF7GmLaPYjyk7s/hmo5LZ3cEkKCetTRyq8al+C3QVO23C7vUY+tSBlvZiI8tuzQUU4B7dKtXOAuU7Mc/WqGJWOcVVwsT7go+Y8Vm3kfybhk47+lWmEnQjpU8qIYyG4G2kByZ60makfg1GcVZAoNW48DrVMdatIaTKRfTJ5q0oqlHk1eUcVJoh4oopKAFopKWgYlNJpxFMNAATTTQTSUAFIaWkoEMNJSmkoASmmnUlADaKU0lAhKQ06mmmBC4qm471deqrimiWQUZoIxQOaZA9eBW1pckOHjnOORisPOBU8B+cevakxp2OpLWiNjeN3XoazpWQklORUTsXGW5OKfDC0o44qCr30JraY7whpW80EFuCafFbrDIJA244q5vU8MM0myuRmfvYHGakDncPeozDJ5mQPlzSRnEoLfdzSJsaJRc8Cow+04Boa4THymoI2Z36c0ASFWdcgA59RTUgfuqcg1aUsCAR+VWFUEZpjsUbdWhYsUHPXBrQW5QKQVNRlAaZsGaAsTC4jPrSNKMZQ85pjKqLk9KijdJJFVD1PI9qQFS9gQnzEbJPaqCwzEZUZFdG4UdO1RhlHFUmKx/9B5pMkHIpgDDk0uR6VBtuOSaWJgUPHcVJdTrPKHAxxioMsx4HHvSkqCNwzincnlGjnoKXJBxSht33VI96esY8tnXnFK4coRspIVl6d6vpPA4O0MMVnRxufmJGfSpfnBYvgAUDSL1yoWIOD1IJFVVYCqzzKRjOeaZ5hPyoDz+VIfKWg6scA02dv3JB6dKrmOVpF28L3q5KwPAHGKAcTlHBBwetRVNNy5NQ1oZCjircfJqqozWhAnfFJjiWo14qyvTmmKMVIKk0FpaSjNAC0U3NGaBjjTDRmkJoAYaSgnNJQAuaKaKdQIQimn2pxNNNACU2lJppNAAaSiimIKaacaaaAInqu1WGFVXyDQiWQmm9KcTTTVECipEJDAj1qGpUYqcjtQB0cQJTBqfJ8oxRHDE55qlbTsUGemKurKgcFh2xWTLQ1UuCVXjnqe2aliyZGSYgFe3qfrQWhIIX9ad5cZ6EEUXK5mRTPGARG3NZ/nsnHrWgbaIZywFI0EX/LNsH3pXQ+VspuSuN3fmpEdcZqb7MzcyED6VGbNs8EUXQuRjJJ1ICqOR3pI7h423dfarK2SEli34U1ooYHEg5I/KmrEtMtLM/DMvBx0NElwFFU7m6Mi5HGPSopWZl8wAnNAXFlleQYJ4qDJHI61EJOeacrh2207CLKzyIMDnNdLgcAjpWDFa8hpDx6VrfaPakUotn//0UMBH8Qo2qoKgnJxzUgCE/KasJAGGVIznFZm1yuNgAyTRICMmHkZGM+lTmOXds29t1LHHnO7g0AyuZMu0ZH3etWNvlgs2QMVK1uQCVIPFPkjneMxkjBwKYXKBnj9aRZUYkYpJVFvhSnUZqW3V5wxVOlItdxmEJyBzTxwMipHUwrl12g1biVvKDBAwbmkxXKTAEl4+M4498daRn2qMEZ70t7IEKBk2A5qo6bhTQXMq+A83I6etUK0rt1EYVh8wOKzetWjGW5KgJNa0K/LWZD94CthBgUmVEeKdkVXaXb05NVXnYdOtIdy+7gCqhucGqheQjJzUZJ70xXNEXS9zThcoe9ZJIpN5p2DmNnzk9aXzAehrGDVIsjCkNSNQNmlqrG+asjpSKFoJpKjY4oEPJphaoy9QNJ60AWt1JmqbTEdKj+0NTsJsvk0maoiYnrThKTRYVy9mkNVlkqcNmgLjTVaQd6tsKruOKAKZpOtK3Wm1RAU5QScCmirdqhZ6GBtQCBIwOckVG8hJ3CtZY48AFRwAKULGv3UGaxL5WZAmB+tacMIeIO3BqbcoGOAR7U/z0x83NA1FkURhiLbwGJ9acJoCfmUYqS3KmQsPSrhC9xWcmXexBHbWzjgckeppWtYBwOv1NLKwijMijkDtWdHdxBt2ME9TVpaEN6mh9mhH8OPxNZMdp5q7gTWtLNGYzg9qzI7l4gEwCKErCZXltmj68ipYZgrHecjGAKdLcrKpDLiq0ap/EaoQySOPJNQ+WhGSKuIiMDuNV2GDTTEzp1gglUSAdRQLSIDvXOJPPFxG5HtV5dRu9o+UN71Qrs//9K4wmZoyyKcdcd6nHl52ldhLY4+tFxIWSNk4OTml3SgfOM/N/WoK6DoE2Skbiw8vv25NEm3OJPSp5Nm89uKjYDGevFFwGFV28HtUxEYHzH0pjRLtJHpUjMhHK/pQMje1WU7l7UJbshOTjPpU0cqAlV4pzyLu69qQXIHEy4A+cehqaL/AFShhg4pysGqEI4Hyt+dJoDM1kZMf0P9Kz4nO3BrT1ONzErtjg4/P/8AVWRAckCiJpHYjuQPNyy7kcYI9COhFZrwFDlfmTsf8fStuRQRg1mOyRylFJx1P5VpFmcl1G22M7j0HNXx50w3bhGvYYyce9ZxH7z92DtcgVrjhaTBFV4iOGkZqYYFPc1aPvVaWTZ0pXKsRmJB95j+dRlI/wC+1QvIWpjBgAfWqsS2SMijo9M2+hFRsSO+aFyaLE3Jgp/u5+hpwKZweD71GOOlTK2eDzSZSLSL3FWVFUlUoC8XbqOxFXY2VgCpBpFXFaq7GrL5AqpIaBkDNUDGnMeajOO5ppEtjDTDTuPSlzjmqIGUoOKkDClDCgCMN71KszDvS/KaTbSHYsJMG4NKwyKrhVPUVIV2jIY/jyKBplV+GptOcnPNNAZjtUEn0FMkUAk4FbVhAQC/DN7Hp9azjB5QUOfnbnA7D3qxHJ5DCRfvA8UmVHudAm45DnnHGKXaQgO7Jz0rRkhiYZCgE+lV3tWVCyycgdCBWDlY1Uu5VAc846Um1jRH9pbIcoo/Goi14CdoTH407l3L9p8rEHvWhmsaQzwKsqsre2KheZ5G3scH2rNxbM5tF67njaBkRhkmsjOKkIFG3uK1WmhkLuYDHY0qqXOO9RkkcUCQpyKBkxjZRzUe0+lPiYyEVeEQz7UDKUiGNVYd6qMctx2rVnhLQ4Bwe1ZjROg55oQmPRCTuHarCyyKNoqramVpNh+VcGgyXAJAK4z3qxH/09EoVcLn3px3YK564NQROzsGc9QaccNyGK4yP/r1mWXGkBJ3CmkIenfNY7yXCskiuXCkf5NW7eV3LGUYzgD9aLAXOByDVnz4yOlV/LBqIqNpPpmi4MsPKu7lab5sXGRwR/Wq+GByD1pWd0+Vxn/CgCwBGxyhxxUiHKA1ULqynA5xxTXeRXXyz8m7ke2KARPegSWxjH3sZA+nWudjXa+K3biZSFbIDAEY+tZbKA+6piu5pFiE1lXa/vN/Y1pMeaq3CEpuHarQpIasZKxEdN3NXsVFEP3QxU4FDEiu9VWiLdqvkUwigCgIB0NNMGeD0q+VzUZU9qLhYz2gUGkCbelXShNMMYAyadxWRU2E81MinOfSpVSnH5FLDnFIZGW8tT71UW3ckAnHelwX5Hc4/wAa1oY+NzU9hLUofZpVHEjf5/Gq7xSjq5P1zW4wFUpkBFFxuJlr8pOaDSuPmpRzTMxo54oICtzyKkAFTBVNFx2KZ5OacEJGasmJfSk2YouHKV8kcVIp7U8xg00Lg0BaxKtLKPk4pVFPYZU0hlIAFxu6VdLBUMcbCMH064/CqbDkfSnxLnmmSiTZGgymTjqT3NESNNKqDqxAp5GENWNOj3XAY9EGaVzVI6QiViWQhcUxxOjAPglumM1GC4YbO9SAM5BZunQ1m0i0rDWWZZAjKAT70sivGASM5qQ79/mFtxHTNJdFmC9hUNa6D5mYjOQxBpyvmo5YmWQjOaZuC8GtLHOywXApysCcCq5PekG4sAopWAsyEjGKfFGZDj2pTtIFW7YAKSvU8GhDIlURZLc46VZVjLHkcUKQSR1qzuXGOlMZW/eYw1KWyNrCrO5T3ppUE5pAVwqnP0Iqo0O/B6YGK0dgAPvUQjyKpAf/1LUgt7fCllzg8A02KZXHFYsJAOTyavRyED5RUvQpFzahTb19aEtoxIrqSMH14qmHXzCzZBNTgl8BDSGbUzRwwmTOcYzz61VEkZUkHIBqlsfOH/WpQoXoKLICG4uJFZTHjAPPvUck98ZJDGcx+nHTipgMZC+ueaiIZXCsc55b0Ix0oEIt1Hu6EHNWI7iFmwTjJ71X2RrIrDj5hWhJpisuS+G4wcdMU9Bla8MJkV1IIA5xVMSiSX5em3+tW57OUzHb8wYdhUf2NYF3nIbpg0AmV3GGp6oHGD070rrnkVJHwlSashQYQA04HNIBjil25oIAimkU/DD3pp9xTGRmmmnkZpuDQBGRSFSalANKKAIwmadt21KKRiF56mgCHYrMFUcD+dWMYGBSIu0U6gaIWNV2qy9VmNAMplRvBNRlAOF6VOwzSAZpkWIQKeFxUm3NO2GgCPmjBNS7adtpDIQtLipdtG2gQ0KKVh8ppw4pSaAKEgwRTkJHSpJYySW9KizimCRMTlDXQ6fb/Z7PzHGGkOfw7Vi2MIuLlIj0J5+g5rspo1kUIw4HSk9h3sUDk8DvUWyZBhQMCrbW6qMjIGfXtS7hWcUXKXYqbpB95cUFmPBPFWLlNuM96q1diL3Kpi3AsDzTBbFuWwDVlPNCZ2Hb608uB97j61DdjTlTM1rY571OqFPvCrmVPQ0+OPKnPIHWi4nTSKJKjpTFdhnHFXyVUAIvBHWq8kZPzKMU7k8nUktnCEk9xWgg81Q2MZrLRMmrdurgkbqYiwYsU1lYU4ySqOeaSOcyMRjGBSENy205oQgjr0qV8FTUUSqQSOeaYH//1aQVJJPm/cj8TVxbKd03wSq4+uKpfabwDAcH8BRFLOJBKzdCMjsaTGXIYHDF5nCnrtzzU1xcKq4ikVSO/U050S53SIolUgZAPzDHsaWNNIA2SBkP+2CP1pLUb0Ka3Qx+8bJ9fWrkSySLlTx6mrRtdJRA52keuarXE1jKNkU5T2A4zRYVwlnRSIohuY9T6CoyUY/MORVA2l/Exk2bh6ilW5KD5+vpQ12GaR2MPl61flumIGxCTg9xisEXUZ5I6Gm21wzzOS+AegpIDee8dAFRS4IOeMEH61myT3EsmGTCDvT/ADHyMHNPdjj60XGkQgYBoX5cg07NMY4pGhGfvU9ajPLVKKCRcUlOpMUxkZFMIFTkComxQBESKM0Eim5AoGOye1Kq85NNDDtTwaAJCaaTSZooAjfNV2qw1QNQDK5FNxinmmE0yR4qUVXVs1OKQDsUYopaBiYowaWimJjcUHilprGgRHnk56VWAJNTkEggU5QAMUDNTSIz5zv/AHV/ma6T5uA3pXO6XA08dwAdpO0VsKLhHy/zADAA7elDEWG2spBPB4qu1kMnZIy4FG8upjYEbjjpTnt5V3FZTyB1FSkKRVlheEgO5fPTNMwT0qwRKW3TEHjjFIxwDUylYuKMRnlyU3nBPTNdAFyVJPQdK51iBKM+o/nXSZAIHtUzBEUqovSMEt6darByuRggd6sy+YGQxYLZ4/Kqyyyp5m5MljyfQ04rQoXzFBpQwNaG1SdpAOAKabeFjygH0qWhqoUcjGBQCQcirf2SLsSPxqM23zYD/nTuCkiMPxzzUattkLjvUhgnAzwajKup+YYp3DRkpkDDFJCUC/jTOOgpu1aLg4H/1s+lFGKKYhhXncuQfUVYW8vEUrv3j0YZqIikxRYCy11E6DzrZdw/iXj9KctxpgUBkdCDnoDzVYjIpwRSORSGXf7QtEb/AEUvlvXgVnOu4knqac0SHkCngUh3KxjPaowrqavY5pzIDRcCKDcCGY8DtVmS/WQ+XjAFVXhGDitOM2UybmtxgH+H/GkO5XSRpP8AVgt9KayTEbmG0e/X8qtK6wwmGDKbiee4H1qm0csh8pWyWOOaEhuTHZGQAc1MDVNIpoJWjlq0DSY0yTNKTimZppagoUtUDtSs1QO1AAz4qAuScUjt2pI0LHNAy1EC3PpVgrUSHYKUXEZ4yKAJQtLtwM0zzM9KC+RQBEx5qM0rMM0wsBQAxhUeM0pkFG8CmSQsCjfWp0bNQSNmnRmkBbFLTAadmgYtJSZpM0CHVE5xTwauWVh9sctID5a8ZBxzTEZgNOFaM2i3sTHysSL25wf1pi6ZfH76iMerEf0zTsF0W9OLmOURkjkGtdY5mYszjpgCqVrEke+BOq4Jb1Jp0yoBibA54qbgXHhuDtIwcHNBEoPzA81RYSRHh3UD0PFSi4u1PLBvYimmiXcQSmRuenbjFK/3T9KV55JOXx9BUUvmn5YwDms5K7LizFc4mX04rombDjcMEDt6VhPby+cDjgEZ/CtQzfvi7D+HAoktholYuzK1uRu561VZpGbbjkt81JAyhWluWKHdxgdvpU8UaSuFhlVjnODnNUlYL9zU2nceRQQwHFL5TfMQcE1Gxkjhyx+YVLiTckyc4pAQWIp4zgZpMAZYdamwXIGEigBefrUMnlG4UTYxt7+tWiwC5NUbh1WbLLu46U1uUiNhCNxXPJOPSpzaYx8xqFRCY84+Yn+taDyFTjFNg3Y//9ehSUEgcCjrTJAk0Zo20u3AzTAXNOBFRgilz7UhjiaAaSjFIB+afuFRjFPBA60mUgY5HFRxM8P+rYinkjtTCaQEkc8qFs4fcc81N9pQuvybBzkj17YqnmlFMDQlkjlG8vubtnrTB0qsBzmrAORUsqIE1GTTiKjINIsYzVXZjUxFRlc0wIQu481cRcDimooFTDigAxVd4gTmrOabkGgZVA29OKeX45pzjiqrNigVxSRuzUbvmmFjTCc0CbF3HtSc0ClpiuIacvFJSigZZU0/NQKakzSGOzSE00mkzQIkBrche4tLZPLYHPJXaSeT61iQqZJUjHVmArp5EOTt4wadyWH9oyAH91vwM5U8fjmn/wBoWzYMmQcdqrFARhhmm7I1H3eKLisaYktZACGAz+Boe1t5hlhn3yazVkQdUBzxyKkxCgxDmInqQT/Ki4WKV00rL5LQSAK3Dcnj8KnknuJITJbxsDjHKmpEmug/+s+UAnLAH6YxU326ZVDNGDuOAoPzH8KdkK7KunO08ZinUh0PcYzVi5EdvGZGzx2FWmvNoG6Nix/hHJH5VQuLoXEeAhBpNdRpjYZFnjLIeO4qXax6ioLJbK1UlmZWfrmtKMpKCY+V9expNDuUiFbO5c0sAht3MkagEjFSLDOoBBBAxk+3epHiZiPLAznnPpSHuSpd5++PyqBjJcJy4Q56e1R3REfyRR7mAyTnAAohTzYw5+XjkGncmxJALsMVkdWXsc0157mJj+7LL9P8KYOQXU/KBnNMFw38HekOxbedBHvlGFqBZIJpS7fdKjFN+0Mw2k5+vNQ7cpsQ7cUrDTJlSLyw4I3Fh/OtInnpWUmVA3fMR3q19tkHGzP40WBs/9DP60nSnde9JkDpVEgMmjGetAaj8KAF2ipXZGVQFCkdx3qIZPWjbSAQqexp2MD5qTIPGaTA+v1oGPG09KXikHFGaQCllHem9aXBPakIxSGJSig8daTcBQBJmrCnIqqH9BU8ZJHPFJlRJKaRTqKk0IWFQnirDCq7Ng4oAUH0p4BqEOAam85QKYDgpxxRtNRG5A6Ck+05oAe6EgVVeM1KZ2NMMmetAWItlNZKlLLTC4NAWINppQDUm4UblpisR0lSkA9KjIoEPWpKiBxUtIYlGKcBSUAaWlR775f9kE/0/rW7Ix3utZ+hxkvJP24UfzP9Kma8C3jQSL3wDTaIuPBPemO3IGOtVZbpIyQDnBqwl5bMoJzmpKHblxyTxTSFapN9vIMZxmnC2B+4wNAEARg2c8UrAkg+lPMFwgz1+lQBpVwHH50AOyy5wMZ60qAY6YpPMBOSKeHQ0CIWVGOGww9D/jTQtwpxG5VOwU1ZKoelA4p3ArSG6l/chztDDqMZGe5rXa4nVvljDp6hqZDdxEBAoBJ+6MdKsMkD4DJgn2/wqrkkEt3bjC3MZXd6jP8AKnLPZJ8udufUEfzqQQIjlkbDe/P86VluWyDsI/GjcRn3nkNbmOFhgcYFZ9gzC7WJx8pFbaxRhfLaEj6dKruI433xoyle54FKxQ0WzrdszJ+6UEjHc+mKIkjXiSNhnuQaRLyfnzNo44oW9ugCXK9fQ9KAJZ4nyoiXA7mqjI6YDnBIzirP2+4252Lk9OT+ZqnMtzM+8tz7dKTQJs//0c08daUGkAFOXbnDcCqJCgkD3pzMmMID9aZk0gHZNJimbmPenYYdaAHA4peOtRlsd6TBPOM0APbJ70q4HTJpvI9KMseh/KgZKST7U3cBURHPNLnHFKwXHhvakyaQZp+c9qLAAYgetWAeFPqKoyzbAQv41eVf3KeoApSLiPJozTAc0tQWOPIqq4qxTCM0DKxj3VXktyvINaQXFIyg0wRmxrgkNVyBI2LHrio2iqAI0RJQlc+hoG49i75CM/TimPAo6cVHDO6nMrFqe1wpB60E6kJgJGc1GYjnANWBKhUDPNQmQBwRyKAI2QqM1Cx21Ydi3AqIrnrTHZjBJUgOaQRipAtDJEAqVelNAp3SkMceBTAaQmkztBY9qBHW6NJAbURRtllOWH1rAviwv5JM9G4/CseOWSJ/MjYq3qK6HT7mK7zFKoeUqRzgZ98+tWZlC83G5LDo2G/MUwMRwRW5LapGIxNH225z6fSqZggbhGKn0PNK4yopLcKCTUiysp4NLNBJCSAe2SRVcJxSC5oRX0iHOc1ej1KM8SKfqKwNrdjS5daLDudILi0l64H1pWih4Kt19K5vzSOtOE2KVh3Og8hs/KRTWVoj89YouDjhjTDcMerGlZhc23IGCRkGmbwWGCQR6GsdbpxxnipVuueaLWC5sGfYGkc57miO5nlfesgKAdB1qgt2n41WwxYsrDJoTA6mK7j2Yc4bFVZLiK5O0thV/h5BP41lRtNjAapd0gXawBqrhY0hdWO3ZtAx2x/Wp1trdh8p/I1loUCk7AO1MEMaD92zL7g0XFY0zbBmxGeB70v2Nv7wrMXfEP3TZ+v86Rri7J5x+dGgan//0s7gUdelACilyewqiQo+UdaTIpMj0oAcWHQUmc/eNHJ7UAY6c0AISPSnlWRQSQc+lIQT1oBwOwoAOByR+dIWY8DgUYzyeaUA9BxQABVz0zTip78Umcd6TgnLc0hhxUUkmAQKkkkCD5RVCRj2oAbhpWCJzXQjoB7CqNtGII8n7zVfFRJmkSIjBpacwzUeakoWijNFAwpKKSgBrDNMAB4NSGmE0ykyBo8HiomSrDNmmEigdyLZt4NIQKcTmmE0DuNNKBmjikzmmQ2L7CngU1RTqRIpppozTSaAEpJeIjTxTJeU200SyjT0dkYOhwRyDTSCKKog3xqFzdRrvYbk9B1pBM/mhyoOPwrFRirAg1rIQ3zDvSYxZ55HPp7U1QcUjjJNSA8UgG0U6kIoAZgUwqKlppoAj2Ck2VKKWmBAUxTSpFWMUYFAFf5hR5jKCR2qciottAHQQwQQx+cknmOVyRxWet/IXy3T0qXTAqGUuflxzUbWMcima1bIPbHNOwi+8g85YscMOtJ5kbkoflxVSaS5mIiiwAvAA61Tkjurc/OrLn1pWHdmsBGeUcUeW3qKw/MOeeKnE3H3qVh3P//TzqDz1owaXaOrGqJG5XsKXJ7CjcBwKM5oAME9TRnHAo+ppM+lAC4J60AKOtABNLgDrQAZLewoxmkDkkgDrSEHvQA/KL15NIWJ6DApmKRzgYJ60gIJHYfe6dqbbx+bN7Dmo2JyV9qvWK/uy/rSZQ6V8yqg7sK0KyAS12B6GtUGoZpEdUZGDTyaa2ccUihtOpinNPoAaaaakIppFADKY1SEU3bQBVYkVETVsx5qIxUwK+6jk1JsxS7cUARYpQKfijFAhBRmlxTcUAFJSmigQdKilPSpTVaU/MKpEsaV3CoqnTmonGGpkjavWj7WK+tUacpOcigDXOSacOKRTuUMO9OxSGJzSZNLSGgQhNNpTSUDFBpaaDinZoAKKM0UCENJinUACgDQsztilbGeAMetVZ5HikAtCYwvp696uWRCxSuazWJJye9MC6moq/F5EM/314NPkFvc48i5OR2krOBz1pGhRvapGaSW6W6kXkYkDn5WU80osNPk+ZJHUehFZJiZCCGPFN8yccAmmB//1M35j0FBQn7xoLZ70mQO1USKNi+9BZm6CkG49OBTgD2NABtA5Y0m7stIQo+8c0obHSgBfmPSkCZ5Y0EsaTBNADsgcLSZoxigAmgQoPpVaYox5IyKnJx0qpIV6YxQykRMccHt0rWswBbishs4xWxZ824HtUMbKMX/AB+N7ZrWFZKAx3jK3WtVTUs0iPo6UClpFEZHcUgNSEVGwxzQIfQRTVOadQMaRRincU0mgBCKibNPLVFuFMBCtMxUhOaYaAGEUEUE00mgQhphNBNJQIKKKKYgJqpKfmq0TVOT71NCZJGeaWYcA0yLrU8o/d0ySpSikpaAL9q3ylTVrdWbCdrgmtHI7UAGaTNFFAriUUUlAxaWkFLQAcUtNpaAFpcCm06kBdhUGzlPuKomr8WPscnuwqlgUMBop2aUowQOeh6UKpY4FIYzGalWEkZqRY9oIbrVoYAwKqwj/9XMyooyf4RSblHQZo+Y+1USOJxyxpvzN0pQAtGSaADAX3NLyetHAowx9qADgdaQEtwop20DrzTTJjhaAH7QOppjNkfLwPWmKxY8+lRkszAdqBjgFXL4JJqB2DHDjFSM7A4I4HaodwPDcfWkMZgHj8q1bFv3YFZZ44q7ZHDFfekwZYvI8FZh1Xr9KmQhhkVYkUOuDzms+EmJzC3bp7ioY4MuilzTQadSNBaaRS0tAEDAjkUB6lI7VXdO4oAcWzTcnvUJYr1pC2eaAJWNVyTnihnqLdzTC5YDUxmqPd601mzQFx5b0pu6mZNJjNArjskmnCgClpiCkopDQA0mqr8mrLHAqqetNEsfCMtVmUfujUNuMsTVifiM0xMo0tIKWgBa0Y2BQYrPHNToxApgXM0magEnOalD5FMQ6ijIooAWikozSAWikzS0AGacPekHHSl69aQFwYFmSeu6qi7c/N0q0kiCERuOM5qtKm6P5D1NFhhFHM7oWOUJOMda0AqqcCqBdoyEX5QKurKAMqOfU0WsF7jmUdWOPameZKOA2BTTljk04Ix6DNAWP//Wy9xPC0vIGWNOxjpgUwlBz1piAc9KdtPfimGTAFNZ8nFMRNlRz1pu8H8KhzzijtxQMcWLDNRE44pxB7Uw9c0rgPTBJHtT8/3eoqJBg8HtT+NpBNAyFi45zmmllI+YVJ5fcAjFQsOcH86QASw4bpUsDbJh71Dkj71LnGD6UAdIpBFVLmInDp1WpLd9yA+tTsM1JK0Kkbh1BqYGqTAwS8fdb9DVpWB5qTZMlzRmmg0poGB5pjDNLSYoAiZM1XaIjpV3NRsM0AUCjUzae9XStRFRTEViDSYNTlabtoAjxTgKdiimIQUtFJQAU006mGgCNicVCakaozVIllq2XjPrT7niPFSwphAKguz0WgkqClHFA9qXAFAxRmpE70zk04YwaAIgxqUORUNLTAtiQd6lVs1RpwYigLF7IPSlwaqrJ61Mr8cGmIkwBR1pAc1MkZbntSAYqk1Zji7mpVjGKfEGYYXt1J6UAMkt5rhkjhxUckBtY5I3bkHjHetC1IW4GzliOpqkbWWa5lklGVU8jOOKVxmbCHd8sdx961UUEEt2FOWMSPiFAvsKsEQwrtX5m7ntSchpDUhVRvm4HUL3NONy4OEwo7AVAzFssxqHeT91cj1pW7hc/9fGJ6Y6Cm5OaF4yfXNIB2/zimId14pOuPagdfrSdetAxc9aUfypPb1pM9T60ALnFMPPAp2MU00ACkhuKlBJyccnpVc5HHrU+cjI60ANwu7HJPemsAeop4Ujk9B/Omk5OKAICCvB6etIOPoalPo3SojlTg0gNKyfKlfStMGsO1fbJj1rYRs0mSxs0fmIVPeqcTlTsfqK0jzVC4iJO9eo/WkVFlgGkV8kg9qgikDCpwak1H5pKTNJQAE0lGaQ0AIahI5qYmo2pgRmozTjx0ppoENooopiCkoooADUbU81G1AMiahF3OBQantk3Pn0pkl8DC1m3BzJj0rVf5VrFY7pCaaJQUoFLjvSgZoGGMUdetKKUZzQBAKWm06gBaUUlLmgBacDimilFMCVXx1qdJMHKnBqoDSigDXjuVyFmBx7f1qyZRIML0rCDkfSp1fHKnBosBplc1ZSBhCf4Qap293EhzMuW7HtVp5HkO4nNS7j0JHlAXy4uF/nVZmC9aaZMnbHyfWnpGByeTS2GNClzl+npU4xQBTTIgOCaAP/0MQ52jFKOvJ4ppPFO6GmAnGeOlMyQOaXoPyoOT170AID3oH1owetAz0oAdnvTSDilGetB9KAI8YqSM+vekNNHHzelICZzwAKgxuYgnGBUxxtqq4J5oAduI+VjwaD047UisGG0jk+vSlwUOByB1oAap2sGHatqJwaxGH8S9DV22k4we1DEzXBzQy5qNGzUoOakkzJUML7h901Mj5qxIgZSDWcQ0L7G/A+tI1jIvZpagV81KDSLFpDS0UARmozmpjUZFMRAaSpCBTDQAykpxoxQISkp1NNAxpqImpDUZpokYa07WPagz35qjFH5j47d62QAi4pkNlW6cKhrJUVau5Nx21Ci560wQDNOxijpR/vcUDAe9GcnGacNtJ8pOKYFc9TRQepoFIBRS0gpaAHClFNFOoAXqKWkpcZ6UwFpRxTaWgCQOQeeRVmOY4xk4PaqdKDjmmBvIFAG3pUmQOtZVtcBTsbgVcAkmPIwv6ms2rFJj2dmO1OnrSiFcc81MFCYAp2KQz/0cPvQPegdaOBQAH2ppzup2aaelMBCcCndDkdKZ3pccHFADlOBQRnmmjqKd0/GgBpGO9NPTFPPTFNPOPxpAPU5+U01wM03vxTzg8mgCuVzSglflPSpWPQU1l54oATryv5UKdjZH4+xpmCpyKepU8fnQBpxPkVcU5rGjfafatSJsikyWizjNQSxB1INWR0pGGaQrmOd0bbWqdXqaWMMMGqBDRthqTRrGRdDUuarK+aeD3pFEhphpc00mmA00w080mKAG4pDmn0wmgQhNMNBNFAhhpnJOB1qUKzHaoya0oLVYfnflv5VSE3YS3g8pMt1qK5mCip5pQorGdmmf2pkbjFy7bj3qY7V+9+VIoPRO3eg+Wv3uc/zoKFGTwowPenLLGi/KNznrmoSWfAPGKUDHQUAAPGCOtG7HWmFqZmgAJzzS0lFADhS0gpaAHClpBSgUAKKeKQU8kkYoAZRS0UwCig0lACjg5FatncbsRP17VkgZIpwPcdqNwOnxjrULXEanBNVY55LlQq9e5qwsCKMEZqbWGf/9LCBGfzpM96aKcOcD0oAU9vem8AZPand6bztxTAD1BoH3frRnJxSZP5UAPHXj0pRTMEcGgHJ9gKQDz1qMU/2pMcgUAJQDt+h7UpIwRTTnj8qAAD5s0ZJY+lKDto+6MkUAMZTTCM9O1SgjblhmkYYGR3oAYrZ+U9auW8u1sGqTAEcUBieD17UAdOhBAIpxGaoWc4ddp+8OtaI5FSQ0V3XvVd0VxhqmuJ44eG5PpWa1xIx+UACmNDHRojz07GnK2aRlkdQARSeVKvUZ+lItMnBzS1CGIODxUuaksXFJRmnKjv90E0xXImNRM1Xfsrn7xxThZJ3yadhORnDJOKuR2kj8t8o/WtCOBIx8oAp5IFOxDkRpHHEuFGKgllApJZcVkTTGQ7V6UCWoksjTMVWgBFA3dCP1poOBhRyO9AGBmmUOLswGOKTaFGaGIFRs1ACsw7U0sT1ptLQAUUUUAFLSUtACilFIKdQAtOApop3SgBw9KOlAOKKAFzSdKXPpSZoAWkoopgFOBxTKUGgCxBKYZA4/Gt1SWG4dDXNg5q7FeSRoE9KGhH/9Pn+1Ozj9abR2z9aAHDrzR2pe9IaAA4HNN7c0v8R9hQORk0AB96B9KD60oJxigAzkelJ14Hal7UgOTigAIzSn+VBHFJ3oAbyOc0A9vX+dOPC5pjHLGgB3AABHWkUDJj79qQE8UPwAe9ACkDoe1RMO4qdwAfyqEmgB8cjRsHXjHb1rbW6/0UyoeQOK57o3FXLZ2y6diDQwaGhmkYu5yT1qdVqtF2q+oFJiHKoFBNL0FNXl8GkIikBwHqeCCSYbui+tWUiR5NrDIHOKlndo1CpwKB3GMkEI4AJ9T/AIUxrnPAqnuLMSTSmgRY+1uvQg+xFWYrmGQ7WOxvfoay8DNROOaAN5jt4qnLKB3pVkZrdWbk+tZN27cD1pisRzzlztHSoFGfpTKkFMscDjpQTikppoACc02iloAKKKKACiiloAKKWigBacKSloAcKUYpBSigBaKSlFAC4pePSkpwoAjopacQKAGGj2oNFMBQaXJpopaBH//Z', true, 'professor', NULL, '2022-06-09 19:43:17.062399');


--
-- TOC entry 3198 (class 2606 OID 32410)
-- Name: attendances attendances_pkey; Type: CONSTRAINT; Schema: public; Owner: postgres
--

ALTER TABLE ONLY public.attendances
    ADD CONSTRAINT attendances_pkey PRIMARY KEY (student_id, lecture_id);


--
-- TOC entry 3200 (class 2606 OID 32412)
-- Name: classes classes_pkey; Type: CONSTRAINT; Schema: public; Owner: postgres
--

ALTER TABLE ONLY public.classes
    ADD CONSTRAINT classes_pkey PRIMARY KEY (id);


--
-- TOC entry 3202 (class 2606 OID 32414)
-- Name: courses courses_pkey; Type: CONSTRAINT; Schema: public; Owner: postgres
--

ALTER TABLE ONLY public.courses
    ADD CONSTRAINT courses_pkey PRIMARY KEY (id);


--
-- TOC entry 3204 (class 2606 OID 32416)
-- Name: lectures lectures_pkey; Type: CONSTRAINT; Schema: public; Owner: postgres
--

ALTER TABLE ONLY public.lectures
    ADD CONSTRAINT lectures_pkey PRIMARY KEY (id);


--
-- TOC entry 3206 (class 2606 OID 32418)
-- Name: periods periods_pkey; Type: CONSTRAINT; Schema: public; Owner: postgres
--

ALTER TABLE ONLY public.periods
    ADD CONSTRAINT periods_pkey PRIMARY KEY (id);


--
-- TOC entry 3208 (class 2606 OID 32420)
-- Name: studentclass studentclass_pkey; Type: CONSTRAINT; Schema: public; Owner: postgres
--

ALTER TABLE ONLY public.studentclass
    ADD CONSTRAINT studentclass_pkey PRIMARY KEY (student_id, class_id);


--
-- TOC entry 3210 (class 2606 OID 32422)
-- Name: subjects subjects_pkey; Type: CONSTRAINT; Schema: public; Owner: postgres
--

ALTER TABLE ONLY public.subjects
    ADD CONSTRAINT subjects_pkey PRIMARY KEY (id);


--
-- TOC entry 3212 (class 2606 OID 32424)
-- Name: users users_pkey; Type: CONSTRAINT; Schema: public; Owner: postgres
--

ALTER TABLE ONLY public.users
    ADD CONSTRAINT users_pkey PRIMARY KEY (id);


--
-- TOC entry 3213 (class 2606 OID 32425)
-- Name: attendances attendances_lecture_id_fkey; Type: FK CONSTRAINT; Schema: public; Owner: postgres
--

ALTER TABLE ONLY public.attendances
    ADD CONSTRAINT attendances_lecture_id_fkey FOREIGN KEY (lecture_id) REFERENCES public.lectures(id);


--
-- TOC entry 3214 (class 2606 OID 32430)
-- Name: attendances attendances_student_id_fkey; Type: FK CONSTRAINT; Schema: public; Owner: postgres
--

ALTER TABLE ONLY public.attendances
    ADD CONSTRAINT attendances_student_id_fkey FOREIGN KEY (student_id) REFERENCES public.users(id);


--
-- TOC entry 3215 (class 2606 OID 32435)
-- Name: classes classes_period_id_fkey; Type: FK CONSTRAINT; Schema: public; Owner: postgres
--

ALTER TABLE ONLY public.classes
    ADD CONSTRAINT classes_period_id_fkey FOREIGN KEY (period_id) REFERENCES public.periods(id);


--
-- TOC entry 3216 (class 2606 OID 32440)
-- Name: classes classes_professor_id_fkey; Type: FK CONSTRAINT; Schema: public; Owner: postgres
--

ALTER TABLE ONLY public.classes
    ADD CONSTRAINT classes_professor_id_fkey FOREIGN KEY (professor_id) REFERENCES public.users(id);


--
-- TOC entry 3217 (class 2606 OID 32445)
-- Name: classes classes_subject_id_fkey; Type: FK CONSTRAINT; Schema: public; Owner: postgres
--

ALTER TABLE ONLY public.classes
    ADD CONSTRAINT classes_subject_id_fkey FOREIGN KEY (subject_id) REFERENCES public.subjects(id);


--
-- TOC entry 3218 (class 2606 OID 32450)
-- Name: lectures lectures_class_id_fkey; Type: FK CONSTRAINT; Schema: public; Owner: postgres
--

ALTER TABLE ONLY public.lectures
    ADD CONSTRAINT lectures_class_id_fkey FOREIGN KEY (class_id) REFERENCES public.classes(id);


--
-- TOC entry 3219 (class 2606 OID 32455)
-- Name: studentclass studentclass_class_id_fkey; Type: FK CONSTRAINT; Schema: public; Owner: postgres
--

ALTER TABLE ONLY public.studentclass
    ADD CONSTRAINT studentclass_class_id_fkey FOREIGN KEY (class_id) REFERENCES public.classes(id);


--
-- TOC entry 3220 (class 2606 OID 32460)
-- Name: studentclass studentclass_student_id_fkey; Type: FK CONSTRAINT; Schema: public; Owner: postgres
--

ALTER TABLE ONLY public.studentclass
    ADD CONSTRAINT studentclass_student_id_fkey FOREIGN KEY (student_id) REFERENCES public.users(id);


--
-- TOC entry 3221 (class 2606 OID 32465)
-- Name: subjects subjects_course_id_fkey; Type: FK CONSTRAINT; Schema: public; Owner: postgres
--

ALTER TABLE ONLY public.subjects
    ADD CONSTRAINT subjects_course_id_fkey FOREIGN KEY (course_id) REFERENCES public.courses(id);


-- Completed on 2022-06-09 16:59:04

--
-- PostgreSQL database dump complete
--

